INSERT INTO FRIDGE(number, type, description, discount, defect, price, energy, registered, kettle_number) VALUES (1, 'integral', 'good fridge', true, false, '2000.5', 'A', '2004-10-19 10:23:54+02', 4);
INSERT INTO FRIDGE(number, type, description, discount, defect, price, energy, registered, kettle_number) VALUES (2, 'noFrost', 'OK fridge', false, true, '2500.5', 'B', '2024-08-19 10:23:54+02', 3);
INSERT INTO FRIDGE(number, type, description, discount, defect, price, energy, registered, kettle_number) VALUES (3, '2Doоr', 'The best fridge', true, true, '3500.5', 'B', '2024-08-01 11:30:54+02', 3);
INSERT INTO FRIDGE(number, type, description, discount, defect, price, energy, registered, kettle_number) VALUES (4, 'BigBig', 'Big fridge', false, false, '5000.5', 'C', '2023-01-01 18:00:54+02', 1);
INSERT INTO KETTLE(number, type, color, isElectric, isInduction, price, energy, registered) VALUES (1, 'steel', 'silver', true, false, '50.8', 'A', '2023-10-19 10:23:54+02');
INSERT INTO KETTLE(number, type, color, isElectric, isInduction, price, energy, registered) VALUES (2, 'glass', 'notColor', false, false, '80.5', 'B', '2023-12-31 14:11:54+02');
INSERT INTO KETTLE(number, type, color, isElectric, isInduction, price, energy, registered) VALUES (3, 'steel', 'black', true, true, '100.99', 'A', '2024-10-19 10:23:54+02');
INSERT INTO KETTLE(number, type, color, isElectric, isInduction, price, energy, registered) VALUES (4, 'steel', 'white', true, false, '150.1', 'B', '2024-01-01 20:23:54+02');
INSERT INTO MULTICOOKER(number, type, description, isTouchScreen, numberModes, price, energy, registered, fridge_number) VALUES (1, 'RemovablePanels', 'for breakfast', true, 15001,'50.8', 'A', '2023-10-19 10:23:54+02', 2);
INSERT INTO MULTICOOKER(number, type, description, isTouchScreen, numberModes, price, energy, registered, fridge_number) VALUES (2, 'NonRemovablePanels', 'for sweet', false, 20001,'99.8', 'B', '2024-05-11 23:23:54+02', 2);
INSERT INTO MULTICOOKER(number, type, description, isTouchScreen, numberModes, price, energy, registered, fridge_number) VALUES (3, 'RemovablePanels', 'for breakfast', true, 10000,'70.3', 'A', '2024-03-19 10:23:54+02', 3);
INSERT INTO MULTICOOKER(number, type, description, isTouchScreen, numberModes, price, energy, registered, fridge_number) VALUES (4, 'NonRemovablePanels', 'for sweet', true, 5000,'78.5', 'A', '2023-12-29 10:23:54+02', 3);
INSERT INTO TV(number, type, brand, discount, diagonal, price, energy, registered, country_id) VALUES (1, 'LCD', 'LG', true, 40,'5000.88', 'A', '2024-07-20 22:23:54+02',2);
INSERT INTO TV(number, type, brand, discount, diagonal, price, energy, registered, country_id) VALUES (2, 'LED', 'Samsung', false, 38,'4000.99', 'B', '2024-02-23 22:50:54+02',3);
INSERT INTO TV(number, type, brand, discount, diagonal, price, energy, registered, country_id) VALUES (3, 'OLED', 'Sony', false, 36,'3501.09', 'B', '2023-12-23 22:50:54+02', 1);
INSERT INTO TV(number, type, brand, discount, diagonal, price, energy, registered, country_id) VALUES (4, 'Plasma', 'Panasonic', true, 32,'1999.01', 'A', '2023-05-13 07:50:54+02',4);
INSERT INTO COUNTRY(id, country, tv_number) VALUES (1, 1, 3);
INSERT INTO COUNTRY(id, country, tv_number) VALUES (2, 2, 1);
INSERT INTO COUNTRY(id, country, tv_number) VALUES (3, 3, 2);
INSERT INTO COUNTRY(id, country, tv_number) VALUES (4, 4, 4);
INSERT INTO KTTL_TV (kttl_number, tv_number) VALUES (1,4);
INSERT INTO KTTL_TV (kttl_number, tv_number) VALUES (2,3);
INSERT INTO KTTL_TV (kttl_number, tv_number) VALUES (3,1);
INSERT INTO KTTL_TV (kttl_number, tv_number) VALUES (4,2);
